sample,p_spot,p_track,p_worm,width,length,azwidth,x_coord,y_coord
sample,p_spot,p_track,p_worm,width,length,azwidth,x_coord,y_coord
100MeV_theta_72.5_phi_10.0_highstats,0.7975400777746761,22.374905887553236,376.11047992034804
1GeV_theta_53.1_phi_40.0_highstats,0.5108827276403698,8.942502855177805,42.05441722922858
316MeV_theta_53.1_phi_90.0_highstats,0.5460995814526227,7.688588937102871,34.32512166270019
31.6MeV_theta_60.0_phi_20.0_highstats,1.0972405986590903,28.250329592518895,3013.647166924973
31.6MeV_theta_53.1_phi_0.0_highstats,0.7002628484805623,19.43051695260621,4931.204501396161
31.6MeV_theta_25.8_phi_10.0_highstats,1.4692944891170043,12.311304396149112,4553.307425352764
316MeV_theta_36.9_phi_40.0_highstats,0.5887693652305261,13.698971747433687,4190.642871836158
10MeV_theta_25.8_phi_90.0_highstats,1.2182179279464251,34.9390668636007,6136.77915119258
31.6MeV_theta_36.9_phi_90.0_highstats,0.8339667085846902,15.174155523722582,3034.0710117443746
31.6MeV_theta_45.6_phi_40.0_highstats,0.6024316268646479,7.546506486543653,9.07820114424182
31.6MeV_theta_72.5_phi_40.0_highstats,1.522813295624276,26.62865399104648,329.13099098541755
1GeV_theta_66.4_phi_30.0_highstats,1.3685906890783166,20.842770159628557,312.59217290537407
10GeV_theta_25.8_phi_10.0_highstats,0.4780876844085002,2.9986781097126403,4.969906015136053
1MeV_theta_84.3_phi_20.0_highstats,2.0389612241319304,15.585862482938765,193.9859916281201
100MeV_theta_53.1_phi_90.0_highstats,0.6367557188811417,8.129141411217162,34.097040891734345
3.16GeV_theta_72.5_phi_10.0_highstats,0.8627511030275942,24.141935750493825,531.8553731716694
1GeV_theta_60.0_phi_40.0_highstats,0.4790406359327357,8.915018823964479,5.448067568499836
10GeV_theta_53.1_phi_90.0_highstats,0.621213279036269,17.137479574881343,4534.766637221068
1MeV_theta_53.1_phi_60.0_highstats,0.38406054459017763,5.138496329978557,3.4422064070573324
1GeV_theta_53.1_phi_90.0_highstats,0.5316169674584155,6.765134657057962,21.471280024252106
10MeV_theta_53.1_phi_80.0_highstats,0.6551154347611354,3.592112801742792,0.48375097336030964
1GeV_theta_25.8_phi_20.0_highstats,0.4929394540058892,6.687247424428414,1377.7643920018982
3.16GeV_theta_0.0_phi_0.0_highstats,0.6695926009516602,11.024861657656068,155.503777652026
3.16MeV_theta_45.6_phi_0.0_highstats,0.443959124912079,0.5407509065706434,0.25236335420008155
1MeV_theta_53.1_phi_0.0_highstats,0.7404346449345288,10.99190214752522,87.01233302649823
3.16GeV_theta_36.9_phi_40.0_highstats,0.5039035353549722,4.805205126177006,2.13386478368277
316MeV_theta_25.8_phi_60.0_highstats,0.48482264862245594,2.8787311794944084,0.4087397585992339
10MeV_theta_45.6_phi_60.0_highstats,0.46586754667688113,4.344156927857574,1.1095274709865015
1MeV_theta_0.0_phi_0.0_highstats,0.7536764453546068,871.1510474324608,45424.06071969767
3.16MeV_theta_25.8_phi_0.0_highstats,0.3818052560272262,2.8838908158759273,7.442986409668449
316MeV_theta_72.5_phi_0.0_highstats,0.583885284466713,32.8788189765067,1253.7118705967416
316MeV_theta_60.0_phi_60.0_highstats,0.5662305513441984,11.959703478461597,51.37337392378356
31.6MeV_theta_36.9_phi_60.0_highstats,1.1080460797689125,10.792965514414721,117.8368795547174
1GeV_theta_53.1_phi_10.0_highstats,0.6203026760632442,12.41180626700115,325.2214125405895
3.16GeV_theta_36.9_phi_70.0_highstats,0.4904896827637153,5.018665963017212,4.586883703881311
316MeV_theta_60.0_phi_70.0_highstats,0.5907829889529367,9.693209300719868,11.397505473940681
10GeV_theta_60.0_phi_30.0_highstats,0.5038533338197055,12.574187184045131,102.10759393918704
10MeV_theta_45.6_phi_70.0_highstats,0.4178092720442567,10.731280433884551,24.420256350214576
31.6MeV_theta_66.4_phi_10.0_highstats,1.027045866148647,16.859956909076683,138.00698237505247
316MeV_theta_0.0_phi_60.0_highstats,0.6346660819967351,2.86380727407791,35.52643208016622
1GeV_theta_66.4_phi_70.0_highstats,1.6862781303806906,26.304032285675493,5337.047175720077
31.6MeV_theta_60.0_phi_40.0_highstats,0.8241832763262025,12.45994790022572,23.440771879098534
3.16GeV_theta_53.1_phi_20.0_highstats,0.6345567727725548,19.20977841164115,2225.7228913825293
31.6MeV_theta_25.8_phi_0.0_highstats,0.6684406419216553,3.716517616409557,14.809219276016163
1GeV_theta_0.0_phi_30.0_highstats,0.6383200639864938,7.104118312264718,1599.7823728838894
10GeV_theta_72.5_phi_30.0_highstats,0.9948848214234765,27.488139912878168,728.907594927508
100keV_theta_0.0_phi_20.0_highstats,0.6322774127053868,0.7587780609003529,0.4615360102306927
31.6MeV_theta_45.6_phi_10.0_highstats,0.6662570499089361,7.814650055710522,63.63369133849793
1GeV_theta_36.9_phi_30.0_highstats,0.580864737097127,10.996547980141116,3963.971177675423
10GeV_theta_53.1_phi_30.0_highstats,0.8176647672303893,15.172143110834346,203.1233819450733
316MeV_theta_36.9_phi_30.0_highstats,2.1357729883744634,7.495989020533299,691.2611164891747
100MeV_theta_53.1_phi_20.0_highstats,0.5027489722880341,7.096913030016616,18.439534990539396
3.16GeV_theta_72.5_phi_20.0_highstats,0.5377903462732792,24.640117175453643,857.8564254603551
3.16GeV_theta_72.5_phi_80.0_highstats,0.8453449763881632,20.813247849269533,226.78545318528427
1GeV_theta_60.0_phi_10.0_highstats,0.7361655482126366,16.667181550000894,135.16468466647046
10GeV_theta_72.5_phi_80.0_highstats,0.658553839541076,22.358549576377456,1188.47121136303
10MeV_theta_0.0_phi_90.0_highstats,0.9062272253740764,9.238182033025424,1446.975613704208
316MeV_theta_78.5_phi_60.0_highstats,0.7842573264698792,35.7225879183519,177.40395039395088
100MeV_theta_25.8_phi_30.0_highstats,0.5082722425784106,3.346163885637509,7.191199418872405
100MeV_theta_72.5_phi_50.0_highstats,0.516080358788579,17.950496866640176,57.56787558327294
10GeV_theta_72.5_phi_70.0_highstats,0.8058819596079821,24.709575079513524,1446.9787682355804
10MeV_theta_0.0_phi_80.0_highstats,0.905894665877053,13.09905743399968,1084.8607860419343
316keV_theta_0.0_phi_60.0_highstats,-1.0,-1.0,-1.0,0.9850990579622845,1.0811137413505234,1.0285526101812192,806.0,1942.0
10GeV_theta_72.5_phi_20.0_highstats,0.6101248490875345,20.149328032077396,270.87694623789963
10MeV_theta_0.0_phi_70.0_highstats,2.38209581706783,22.623747156587005,4530.2816077358875
1MeV_theta_0.0_phi_70.0_highstats,0.5405520367138114,1.1774887675125305,0.3072273841805114
31.6MeV_theta_66.4_phi_0.0_highstats,0.9204763207773066,22.96963165947448,1926.368566042539
1MeV_theta_84.3_phi_60.0_highstats,1.508442433042644,16.19308877047291,177.15829625910104
1MeV_theta_0.0_phi_80.0_highstats,0.4121129603263621,0.8882287764371347,0.2887457772290375
316MeV_theta_78.5_phi_90.0_highstats,0.9219741775741694,37.67311047512069,2502.6927851570235
100MeV_theta_25.8_phi_80.0_highstats,0.5734986810563742,8.954776912352704,1926.7023042970745
100MeV_theta_45.6_phi_90.0_highstats,0.7823081263872346,9.663200260041418,55.16843380915805
100MeV_theta_78.5_phi_40.0_highstats,1.3567207728783386,37.47508724751111,247.20488228206236
3.16GeV_theta_53.1_phi_30.0_highstats,0.5639629709848383,19.836669522925938,7530.351294649227
1GeV_theta_36.9_phi_80.0_highstats,0.4322805768784684,4.048115279603431,4.312589427366407
3.16GeV_theta_66.4_phi_10.0_highstats,0.7589691351130898,14.95765295106649,753.7863938686819
31.6MeV_theta_25.8_phi_90.0_highstats,0.6764902815905952,8.135938340709355,1671.6810220588304
3.16GeV_theta_78.5_phi_0.0_highstats,0.607212367179969,38.50517753294495,1430.0635968235738
316keV_theta_25.8_phi_10.0_highstats,0.0018270602449774742,0.8032398223876953,0.19238044321537018,0.9041179661046143,4.635875396396423,3.207873552245237,912.0,1707.0
10MeV_theta_53.1_phi_40.0_highstats,0.46986389303791176,10.66332275473933,46.87396900491408
316keV_theta_66.4_phi_50.0_highstats,2.5392159861945703e-05,5.40065028502863,0.2496088763577946
100MeV_theta_60.0_phi_20.0_highstats,0.5358326218071106,9.61056372593095,31.748019511934213
3.16GeV_theta_78.5_phi_90.0_highstats,1.035515124666851,39.38958410420083,1217.6661805890428
1GeV_theta_72.5_phi_80.0_highstats,0.8576704548697726,22.94988186618278,510.8035403191633
10GeV_theta_66.4_phi_90.0_highstats,0.7433201656038451,15.454099330806773,97.96110003983553
100MeV_theta_66.4_phi_80.0_highstats,0.6751682545586131,16.181159648552097,684.0719165009893
31.6MeV_theta_25.8_phi_30.0_highstats,0.7396588300024406,10.45143904004091,1468.8294575564244
31.6MeV_theta_78.5_phi_50.0_highstats,1.9289938073875692,39.167971488940836,201.9273243618702
3.16GeV_theta_60.0_phi_50.0_highstats,0.7316393591547342,14.205725145812705,2855.654265821388
10GeV_theta_36.9_phi_10.0_highstats,0.7127943873428068,27.180764339387917,4890.282286084642
31.6MeV_theta_25.8_phi_40.0_highstats,0.9610008699116116,18.329612338390085,3067.124696043984
316MeV_theta_78.5_phi_80.0_highstats,1.119743291659776,34.95347118289381,903.1445277806176
3.16MeV_theta_36.9_phi_70.0_highstats,0.5026489272688561,5.547892673599951,0.5806279242064307
100MeV_theta_60.0_phi_40.0_highstats,0.6945326940998591,10.723331871349666,12.597646079754249
316keV_theta_45.6_phi_70.0_highstats,0.4608445888115378,1.315930085245225,0.34090024025456606
3.16GeV_theta_45.6_phi_10.0_highstats,0.4761878065270732,9.326978174840876,1634.5426490038578
316MeV_theta_0.0_phi_50.0_highstats,0.7692413756776872,12.173576867200216,4849.032135168363
3.16GeV_theta_72.5_phi_40.0_highstats,0.6932084744903589,24.39016040165884,1890.4713296223292
10GeV_theta_0.0_phi_50.0_highstats,0.6576694403872598,2.9778578468128694,202.55613024331606
10MeV_theta_45.6_phi_50.0_highstats,0.597250190950094,3.1377433648646793,1.8757546589350909
1MeV_theta_0.0_phi_30.0_highstats,0.6740050717530024,0.9219456831050835,0.6752683460633885
3.16GeV_theta_0.0_phi_60.0_highstats,0.6544391968166583,4.521985304712313,1351.1461022506812
31.6MeV_theta_72.5_phi_0.0_highstats,2.206427391791285,25.93531038994958,738.5120311522644
3.16MeV_theta_0.0_phi_0.0_highstats,0.8829655116324993,1.0934026877792393,1.1201855301907404
316MeV_theta_25.8_phi_90.0_highstats,0.549923238915897,9.39346618280983,1766.4635093572274
316MeV_theta_0.0_phi_80.0_highstats,0.6739243666390777,9.274404271761517,2783.0942157683694
1GeV_theta_72.5_phi_10.0_highstats,0.7683117742877903,24.385915652663904,508.7339182521152
31.6MeV_theta_0.0_phi_20.0_highstats,1.8514943845371652,6.4987721018810545,932.3655033809395
3.16MeV_theta_0.0_phi_70.0_highstats,0.7396821550943996,1.1731517837658827,1.1207986696324692
100MeV_theta_66.4_phi_0.0_highstats,0.6628963642160443,15.539229392750308,180.38828704865298
3.16GeV_theta_60.0_phi_10.0_highstats,0.7770785022765071,16.28423162493268,1002.3500224579979
10GeV_theta_72.5_phi_0.0_highstats,0.9705534362083285,35.37442798826218,1792.0997733370016
3.16GeV_theta_66.4_phi_40.0_highstats,0.5409052356099889,12.241078090677783,12.250954348862164
316MeV_theta_25.8_phi_10.0_highstats,0.49764057868290307,9.566867216866699,538.2709937883408
1GeV_theta_66.4_phi_50.0_highstats,0.6755941623641338,13.186254426038294,3.4849760923241115
10MeV_theta_0.0_phi_60.0_highstats,0.9248787841571244,28.723744960310874,6210.187938210757
1MeV_theta_25.8_phi_70.0_highstats,0.6895549936841243,2.786123929965404,0.5253548244486737
10MeV_theta_45.6_phi_80.0_highstats,0.38268974009740286,8.078212939867377,24.91552863815501
10GeV_theta_53.1_phi_70.0_highstats,0.4797777543734875,6.592126408194689,6.215237546368682
1MeV_theta_25.8_phi_10.0_highstats,0.44888202793549253,3.0182642335087904,2.740862958510126
1GeV_theta_78.5_phi_50.0_highstats,0.9534248232214965,30.99968481067117,50.46159863010949
1GeV_theta_66.4_phi_40.0_highstats,1.4870819599288938,18.074534337847602,170.1615681612407
10GeV_theta_78.5_phi_80.0_highstats,1.0061185242825543,36.2160736160588,545.1275054325707
10GeV_theta_66.4_phi_40.0_highstats,0.5869696197170241,18.08959100287561,174.84638982859408
3.16GeV_theta_66.4_phi_50.0_highstats,0.9062321701065561,26.254878385038943,198.82914152963923
1MeV_theta_25.8_phi_60.0_highstats,0.5270012988713878,2.311945022619325,0.536683868137699
31.6MeV_theta_45.6_phi_20.0_highstats,0.7818167394355785,7.848617299282288,87.4347965702857
10GeV_theta_53.1_phi_80.0_highstats,0.601108030305763,20.111759716933577,4733.8050913924635
10MeV_theta_45.6_phi_20.0_highstats,0.6011490282604155,1.0802768855752587,0.6828960199532791
31.6MeV_theta_60.0_phi_30.0_highstats,0.7179124593620749,12.264869970986583,42.33782995309792
10GeV_theta_36.9_phi_0.0_highstats,0.9707120602175681,14.249320935490603,3466.908545516907
10MeV_theta_53.1_phi_90.0_highstats,0.37387638510815907,8.797360554813887,17.080722874714425
316keV_theta_0.0_phi_10.0_highstats,0.7397670668141346,2.3632451192139103,2.6224767915711356
10MeV_theta_60.0_phi_50.0_highstats,1.8490564940645673,5.410282345114193,29.27062575903856
31.6MeV_theta_53.1_phi_20.0_highstats,0.8592450205507624,14.14838235759705,40.71526194207021
31.6MeV_theta_36.9_phi_30.0_highstats,1.041054635842652,9.746891330010657,1221.9635126275498
316MeV_theta_53.1_phi_30.0_highstats,0.5633919798248981,11.730667915560183,209.76400795883237
10GeV_theta_60.0_phi_90.0_highstats,0.7063243767514599,11.657055336463877,85.61777320996595
3.16MeV_theta_25.8_phi_10.0_highstats,0.4144340412799857,2.2314571731306967,4.790844195211258
3.16GeV_theta_53.1_phi_10.0_highstats,0.6121574661037362,13.079117301463373,659.7501532239501
100MeV_theta_25.8_phi_90.0_highstats,0.49636522938884386,3.235386632386182,4.286479436865643
10MeV_theta_36.9_phi_60.0_highstats,2.174118126979914,39.43425589027706,2136.5977498262446
100MeV_theta_36.9_phi_0.0_highstats,0.75802217657574,14.027516761243009,504.3692529243002
3.16GeV_theta_78.5_phi_50.0_highstats,1.3150425954645262,38.40232331195208,45.49872294635045
10GeV_theta_78.5_phi_50.0_highstats,1.044325575455895,38.2890798857047,639.4321475931978
10GeV_theta_53.1_phi_50.0_highstats,0.5250245296126935,7.386240637933849,1.0579568116015192
3.16GeV_theta_36.9_phi_80.0_highstats,0.5432543068692377,8.23864213195779,646.4897696672273
316keV_theta_0.0_phi_80.0_highstats,0.5979641337936059,3.478618240774373,8.528025495414314
10GeV_theta_0.0_phi_30.0_highstats,0.6964553972126397,0.9046714301487776,1.7119596876151046
316MeV_theta_0.0_phi_20.0_highstats,0.8174235053940361,8.84256063461511,1449.7509907077626
3.16GeV_theta_72.5_phi_0.0_highstats,0.7631854157962161,21.82870810282336,448.27911977979215
1GeV_theta_36.9_phi_60.0_highstats,0.47948394333617433,14.8399701955355,3062.0576029046174
316MeV_theta_78.5_phi_30.0_highstats,1.1499082775474698,40.00700589925809,246.97854673176732
100MeV_theta_36.9_phi_80.0_highstats,0.956000094808372,8.8940298094524,2249.772135649678
10keV_theta_0.0_phi_0.0_highstats,0.7125924274300399,0.9409906913093449,0.6205630411343284
31.6MeV_theta_60.0_phi_80.0_highstats,0.8076826677420776,18.559783308429218,80.38634490269584
1GeV_theta_36.9_phi_90.0_highstats,0.5261875872400508,8.743236674882526,24.103960151629995
316MeV_theta_78.5_phi_50.0_highstats,1.017985837052417,37.87429513395102,322.20071845892835
31.6MeV_theta_25.8_phi_80.0_highstats,1.2790671844624513,11.465738764478756,2000.7724530922462
100MeV_theta_0.0_phi_80.0_highstats,0.6713052615142507,0.7357020404732789,0.5057893187322196
1GeV_theta_25.8_phi_30.0_highstats,0.59509961832958,3.8745175637203624,46.080364510602756
100MeV_theta_25.8_phi_0.0_highstats,0.5420532099244433,3.1169636046729754,9.519353834620249
100MeV_theta_72.5_phi_20.0_highstats,0.8055033795994981,24.889050409139486,1408.4214715744868
316keV_theta_25.8_phi_80.0_highstats,0.1916771732257863,1.268631120089265,0.10896576237386614
10GeV_theta_53.1_phi_40.0_highstats,0.5311756881779117,8.800742116825077,52.7394859154975
10keV_theta_72.5_phi_0.0_highstats,0.9344516773339944,16.739725657365426,20.473467018791485
31.6MeV_theta_66.4_phi_60.0_highstats,1.467133027975318,19.1173796965904,117.48291986313325
316MeV_theta_25.8_phi_30.0_highstats,0.5383102500947798,12.497459547987962,1557.64430106812
1GeV_theta_72.5_phi_60.0_highstats,1.0266422507584665,28.55387473000144,633.1394742079976
3.16GeV_theta_66.4_phi_70.0_highstats,0.6435922449203619,15.62831209066791,471.38941990418334
3.16GeV_theta_0.0_phi_90.0_highstats,0.6277833752763938,11.47423043462143,4452.063578541693
100MeV_theta_66.4_phi_20.0_highstats,0.8917195896849396,16.74290815779034,629.1269611865172
3.16MeV_theta_72.5_phi_50.0_highstats,0.3400494167413377,3.3736889455879657,2.4696034866042686
3.16GeV_theta_45.6_phi_30.0_highstats,0.5327799067659528,16.676695205499684,3866.7050585445572
316MeV_theta_66.4_phi_80.0_highstats,0.6234053635216448,12.098389054945187,39.056946697642445
1MeV_theta_84.3_phi_80.0_highstats,3.2243047717280104,28.32779143372659,3499.656929363385
1GeV_theta_45.6_phi_50.0_highstats,0.6006504939466512,16.267567757883082,3109.256490729329
10MeV_theta_36.9_phi_30.0_highstats,1.865125441102219,42.93424449263429,4637.541463493461
3.16GeV_theta_72.5_phi_60.0_highstats,0.6944685806703648,20.13818718935966,47.61146399473821
3.16GeV_theta_36.9_phi_10.0_highstats,0.3945461104366547,4.193489647277711,9.83461634756763
3.16GeV_theta_72.5_phi_70.0_highstats,0.8267387325929303,24.246080491453604,94.93527367719426
1GeV_theta_45.6_phi_70.0_highstats,0.6653924140500447,9.2949948058839,1106.8520621873372
1MeV_theta_25.8_phi_90.0_highstats,0.6113431853377737,2.1246306013118716,1.9822977603378245
31.6MeV_theta_66.4_phi_70.0_highstats,0.9740981111602373,16.925559804460274,51.448219158125326
1MeV_theta_36.9_phi_60.0_highstats,8.519501060538646,243.71291272771106,2914.6497707153326
10GeV_theta_0.0_phi_40.0_highstats,0.6605206235847385,16.01308669986372,6867.724402997152
100MeV_theta_36.9_phi_90.0_highstats,0.6640697436179985,9.06130550369183,456.7650396062659
31.6MeV_theta_53.1_phi_90.0_highstats,1.0823957255292902,14.558753685489078,445.19486479061203
31.6MeV_theta_72.5_phi_60.0_highstats,1.2885652526324296,25.281024594856742,67.62918904001259
316MeV_theta_66.4_phi_30.0_highstats,0.6733995904421827,17.103605701046593,37.82047481960319
316MeV_theta_36.9_phi_20.0_highstats,0.4222440782629162,3.9305119778980058,5.817569312253113
10GeV_theta_66.4_phi_70.0_highstats,0.6203096522486627,14.241909373557256,22.006686177980068
316keV_theta_36.9_phi_0.0_highstats,0.4807697503582807,0.9669764570859009,0.24154375104196335
31.6MeV_theta_60.0_phi_90.0_highstats,0.7417111490533864,12.05567942669303,65.12258495715285
100MeV_theta_66.4_phi_40.0_highstats,0.5735010910659216,13.49016428085566,41.00630307500209
316keV_theta_53.1_phi_60.0_highstats,0.6286190423939094,4.284637934910915,0.6745803739415474
10GeV_theta_66.4_phi_30.0_highstats,3.635772855108595,21.403676187236552,1898.6893974020668
10MeV_theta_36.9_phi_90.0_highstats,2.5053811112562703,10.0620319291169,254.66228755572595
3.16GeV_theta_36.9_phi_50.0_highstats,0.5497724002515819,6.333026241107954,315.82343721268614
316MeV_theta_78.5_phi_0.0_highstats,1.0351152935918604,50.54304959294847,8472.850696026491
10GeV_theta_45.6_phi_0.0_highstats,0.6037895488422621,12.746549932154096,3926.413264480646
10GeV_theta_78.5_phi_20.0_highstats,0.7649007095210075,42.56027529244844,931.2918808397443
3.16GeV_theta_72.5_phi_50.0_highstats,0.686296986511455,21.851523568492524,10.819549373336324
31.6MeV_theta_36.9_phi_40.0_highstats,0.8237988765999134,5.668560867304303,6.460506001949593
100MeV_theta_72.5_phi_80.0_highstats,0.7467968774899864,18.94848577433007,79.609330465116
3.16GeV_theta_45.6_phi_20.0_highstats,0.46406367648222124,12.138969752095534,697.1448755845344
1MeV_theta_25.8_phi_80.0_highstats,0.7550445613346142,1.9387250229347013,1.4977082939327386
1MeV_theta_84.3_phi_40.0_highstats,2.2408370221508,27.08131381427688,294.2343832995638
10GeV_theta_25.8_phi_30.0_highstats,2.5375163320250884,16.130717255077062,6092.884581339449
316MeV_theta_60.0_phi_50.0_highstats,0.6101502448472138,12.54163239304851,383.0983241737474
10GeV_theta_66.4_phi_60.0_highstats,0.6038361625884784,15.621655660191427,7.898546197959721
100MeV_theta_53.1_phi_40.0_highstats,0.6092775729550821,7.8153548756023525,8.937288691038205
1MeV_theta_84.3_phi_50.0_highstats,1.6998728473818256,16.80048117887521,202.4496957999591
31.6MeV_theta_0.0_phi_0.0_highstats,0.7448149862170486,8.983828500834504,873.9628574771571
100MeV_theta_60.0_phi_0.0_highstats,0.5421454548179537,10.745803807709777,76.17807171201636
3.16GeV_theta_36.9_phi_20.0_highstats,1.4020663155596942,11.415175874604325,1748.747218920181
1GeV_theta_0.0_phi_40.0_highstats,0.6407018172587706,2.963527459916023,259.57470670644005
1GeV_theta_78.5_phi_20.0_highstats,1.3298918832397708,36.19103988496983,612.0715019896717
10MeV_theta_25.8_phi_70.0_highstats,1.2098557886298857,30.206457736364673,7105.81827948229
100MeV_theta_53.1_phi_30.0_highstats,0.5890191973814015,13.973325156144185,64.6119256514024
3.16GeV_theta_78.5_phi_10.0_highstats,0.9365831195723878,36.96293397719654,1375.3300512452392
316MeV_theta_45.6_phi_0.0_highstats,0.7882045867627909,13.540505049483981,1939.4414365549185
10MeV_theta_0.0_phi_40.0_highstats,0.9461282377164618,8.216013268404351,768.9851715023369
100MeV_theta_66.4_phi_70.0_highstats,0.8048659106956595,20.226931808606516,438.14662176693486
1GeV_theta_45.6_phi_90.0_highstats,0.6424248451159156,15.95779995649148,2139.7885006360907
1GeV_theta_78.5_phi_0.0_highstats,1.4434290900229996,43.63885437753737,4087.8576527864143
10GeV_theta_45.6_phi_40.0_highstats,0.4758906994958266,10.199978250346836,3.9653622658841257
100MeV_theta_72.5_phi_60.0_highstats,0.7163399266262244,26.93611397897153,1434.7787328269683
100MeV_theta_36.9_phi_70.0_highstats,0.4795614751683229,4.168077546710438,1.9908071963627763
10GeV_theta_45.6_phi_80.0_highstats,0.7586684172131872,11.044436197883838,732.8100337505216
31.6MeV_theta_53.1_phi_70.0_highstats,0.7480749073597012,10.806872500743783,40.343814310436215
316keV_theta_45.6_phi_80.0_highstats,1.0891307589684944,5.1681577516709885,13.908636656572874
10MeV_theta_36.9_phi_20.0_highstats,1.5220535306127718,26.375805932175705,1104.969319939837
316MeV_theta_60.0_phi_10.0_highstats,0.5730618913376295,18.557573422935487,2041.396527464811
31.6MeV_theta_72.5_phi_90.0_highstats,1.5835895603125767,31.58151611062185,1636.358432113121
31.6keV_theta_84.3_phi_80.0_highstats,0.5937046716345413,60.786178622333416,3179.722035785633
3.16GeV_theta_72.5_phi_30.0_highstats,0.8690446884178593,30.898857195847853,379.27923582475614
10GeV_theta_60.0_phi_40.0_highstats,0.8180084283954501,10.005302031222444,50.284644915843245
31.6MeV_theta_72.5_phi_70.0_highstats,1.0503845629699455,28.312189371090074,297.9555184448104
3.16GeV_theta_53.1_phi_60.0_highstats,0.5251186766290885,15.111399053902408,1954.5705933071413
316MeV_theta_53.1_phi_80.0_highstats,0.4856470726472103,7.097354406944102,12.948788183984053
1MeV_theta_36.9_phi_20.0_highstats,0.26113257195559486,2.096972999221267,4.251076819548551
10GeV_theta_78.5_phi_10.0_highstats,1.5605787754812008,42.21171164988241,2261.3716209872673
316keV_theta_66.4_phi_60.0_highstats,0.5299786493193648,3.641285800416485,8.201879657123625
316MeV_theta_66.4_phi_0.0_highstats,0.654558783874565,21.283309841531867,2404.0440842368102
3.16MeV_theta_0.0_phi_20.0_highstats,0.6247283574896184,1.9628910006170572,1.6370350257487818
316MeV_theta_53.1_phi_40.0_highstats,0.48533510951085757,7.881719955863653,9.016316366988681
316MeV_theta_36.9_phi_70.0_highstats,0.5227759095852632,4.343703437742613,2.6638108168887213
10GeV_theta_78.5_phi_30.0_highstats,0.9087812987062892,42.8835981442833,470.0389811492664
100MeV_theta_0.0_phi_60.0_highstats,0.6845927115610071,5.172923313939256,192.58182027313808
10MeV_theta_25.8_phi_60.0_highstats,1.147164321521722,24.697957083223706,2177.4947571806974
316MeV_theta_45.6_phi_10.0_highstats,0.45854881607329584,12.769904302213341,4895.546551380661
10GeV_theta_53.1_phi_60.0_highstats,0.6475066521076396,16.377767839758828,94.86460101607932
10GeV_theta_66.4_phi_50.0_highstats,0.8890574340127473,18.079563661719188,1626.2462971088898
10MeV_theta_0.0_phi_10.0_highstats,2.314709815495621,14.985830009119121,1600.644478979463
316MeV_theta_66.4_phi_40.0_highstats,0.5738134889625265,13.943162518568851,14.625945487312645
100MeV_theta_60.0_phi_90.0_highstats,0.5579977677569955,9.445027837646071,46.856186568771875
3.16MeV_theta_25.8_phi_90.0_highstats,0.37560143149748865,4.769691989081996,15.306276398231036
31.6MeV_theta_53.1_phi_30.0_highstats,0.78584257424766,9.405350180976852,34.16102375613391
3.16GeV_theta_60.0_phi_0.0_highstats,0.6038499983343115,17.754344431870983,2460.1297515516912
316keV_theta_66.4_phi_70.0_highstats,0.4303749553788628,13.34445036950703,145.53333101534255
3.16MeV_theta_0.0_phi_10.0_highstats,0.6415971184020712,0.7109021562265138,0.4160217367229655
31.6keV_theta_45.6_phi_80.0_highstats,0.05173444852498622,3.0377759061477647,0.9964079525546877
31.6MeV_theta_66.4_phi_40.0_highstats,0.882278376263403,15.606343792076613,44.97370550369712
10MeV_theta_25.8_phi_50.0_highstats,2.5847951368637743,49.932345127451306,11665.630960297569
100MeV_theta_78.5_phi_90.0_highstats,1.7417470717935974,41.453593385565476,2890.0583393031793
316MeV_theta_60.0_phi_0.0_highstats,0.6095100584958524,23.07642700966444,4101.105387452884
3.16MeV_theta_0.0_phi_60.0_highstats,0.49114164433375473,1.469395665973764,1.768510041801428
1GeV_theta_0.0_phi_0.0_highstats,0.6513770454536976,5.7845768500014945,2321.039754527537
1GeV_theta_45.6_phi_80.0_highstats,0.5486794980403411,7.091938454273167,144.69377052938788
316MeV_theta_66.4_phi_50.0_highstats,0.7264959901596143,15.212142975824575,114.47137557425185
1GeV_theta_66.4_phi_10.0_highstats,0.5500695094896424,14.416601096628241,187.15014402529826
1GeV_theta_72.5_phi_90.0_highstats,0.656317644831227,19.679014856640272,157.3501961577351
10GeV_theta_36.9_phi_90.0_highstats,0.6492740700845977,7.994672966277748,405.89250061612466
3.16MeV_theta_25.8_phi_60.0_highstats,0.38056268487448786,3.6758399259656422,4.221921438690816
316MeV_theta_36.9_phi_10.0_highstats,0.44416214498895223,4.300276487030232,10.119051971381767
100MeV_theta_78.5_phi_20.0_highstats,0.6977732273069283,31.486456698298973,285.5039982748602
1GeV_theta_45.6_phi_30.0_highstats,0.5606207882458635,24.480091691898828,1460.0855722171837
3.16GeV_theta_25.8_phi_40.0_highstats,0.5393002975604695,9.551277310754612,2846.8588898577054
3.16GeV_theta_25.8_phi_0.0_highstats,0.5431570302087435,13.754758684214929,371.85767739337797
1GeV_theta_45.6_phi_60.0_highstats,0.5572608288290714,6.547689630003208,28.152765882899356
10GeV_theta_0.0_phi_60.0_highstats,0.7297736832292822,1.1019197377793737,2.8411492526236066
3.16GeV_theta_53.1_phi_40.0_highstats,0.6042080760042948,16.473842322673843,588.5561502261322
3.16GeV_theta_25.8_phi_30.0_highstats,0.5055643778566733,7.295873374017529,728.7819587735676
3.16GeV_theta_72.5_phi_90.0_highstats,0.691379626821214,23.18763377405321,850.7285338241459
1GeV_theta_60.0_phi_70.0_highstats,0.4970248794724637,8.705226119695041,8.556566108353568
1GeV_theta_25.8_phi_60.0_highstats,0.5204923640028584,18.172844897505144,3567.4553396730653
100MeV_theta_66.4_phi_50.0_highstats,1.0310159124119942,25.08448049629113,251.50176819782774
100MeV_theta_66.4_phi_30.0_highstats,0.840804578273655,20.46475611675095,669.4287563347465
31.6MeV_theta_45.6_phi_60.0_highstats,0.7635146258984142,11.186303300470678,327.16622174710534
100keV_theta_36.9_phi_30.0_highstats,0.4198209672920847,7.662428158510082,15.159026991813814
1MeV_theta_53.1_phi_50.0_highstats,4.422417218138306e-05,1.4479147041466733,0.18211688467649484
316keV_theta_45.6_phi_50.0_highstats,0.18244905487858779,6.175906572647477,6.65337991621841
31.6MeV_theta_78.5_phi_20.0_highstats,2.175399468642563,35.723920343515495,444.58051255099525
10GeV_theta_36.9_phi_80.0_highstats,0.5171230535735923,7.740929898641334,392.2087471418913
1GeV_theta_66.4_phi_20.0_highstats,0.6431762736143574,13.140859800829292,70.23682834690655
1GeV_theta_36.9_phi_10.0_highstats,0.4905489604834668,11.653281960122172,1167.8670257049891
1MeV_theta_84.3_phi_90.0_highstats,4.00423348845487,20.54893904220433,579.5167960159043
316MeV_theta_0.0_phi_0.0_highstats,0.705268693812485,3.1272091347817534,179.74936796753357
316MeV_theta_0.0_phi_90.0_highstats,0.6316265315415042,4.0707107651628975,1108.2975593261117
31.6MeV_theta_72.5_phi_50.0_highstats,0.5831572450654977,23.138612240204573,67.36721131716334
31.6MeV_theta_66.4_phi_80.0_highstats,1.0943833863352244,20.667909140303706,214.5737269891741
10MeV_theta_25.8_phi_0.0_highstats,1.1187095401517304,34.084335080520255,3593.0737898803095
3.16GeV_theta_78.5_phi_80.0_highstats,0.952058257168727,38.63010566338497,575.7182706051661
100MeV_theta_0.0_phi_40.0_highstats,0.6516626578614335,0.96742275899913,2.2168840203388225
31.6MeV_theta_0.0_phi_40.0_highstats,0.7737680459018174,0.9830676079770798,1.3600379944451095
31.6MeV_theta_60.0_phi_0.0_highstats,0.9142043832801129,11.918898003154979,92.40373656140777
100MeV_theta_53.1_phi_0.0_highstats,0.9920269305855293,19.177270316401707,2917.5494217562846
1GeV_theta_78.5_phi_60.0_highstats,1.155602491485152,32.6760778496219,77.9085997305388
100MeV_theta_60.0_phi_80.0_highstats,0.6610991014214137,13.900876598465324,416.65700803547753
100MeV_theta_0.0_phi_10.0_highstats,0.6531662784834075,7.744047381500943,4929.465813843466
316MeV_theta_72.5_phi_10.0_highstats,1.41892692590789,34.73990410709892,2391.7971786399744
316MeV_theta_25.8_phi_0.0_highstats,0.5625085444062061,4.624932371796809,73.0297148450858
316MeV_theta_25.8_phi_70.0_highstats,0.4513425393800852,4.939948844287118,299.4891752710341
316MeV_theta_66.4_phi_60.0_highstats,0.6133893661132105,12.347069648195568,7.513062877589992
3.16GeV_theta_60.0_phi_80.0_highstats,0.4829061809197785,9.701392958312804,25.06168887182249
31.6MeV_theta_60.0_phi_10.0_highstats,0.9665651318342279,21.34173479721661,3564.418028290183
1MeV_theta_53.1_phi_30.0_highstats,0.3856210652134574,4.55950888186498,10.243123486871786
10GeV_theta_78.5_phi_0.0_highstats,1.3642729318006268,44.78848665024054,3440.209740954921
316MeV_theta_36.9_phi_80.0_highstats,0.5055741144289152,4.004609311089796,4.335131405827143
1GeV_theta_78.5_phi_90.0_highstats,0.9229400783157635,38.58112216811411,925.9259994288318
1MeV_theta_45.6_phi_10.0_highstats,0.20969197600088618,4.251378167586424,24.43440493459407
1GeV_theta_0.0_phi_10.0_highstats,0.6413987313192108,7.987261344058805,286.8411756260499
31.6MeV_theta_60.0_phi_50.0_highstats,0.8763258231302039,12.617508569120801,26.522816904556546
31.6MeV_theta_25.8_phi_50.0_highstats,0.8490073738445311,16.209975145214177,8587.065805688142
316MeV_theta_45.6_phi_80.0_highstats,0.5281692642513166,10.940865028826652,153.5100542706078
1MeV_theta_84.3_phi_30.0_highstats,1.7924557601902116,14.797989153089427,84.41910899993545
100MeV_theta_78.5_phi_0.0_highstats,0.7245933968013223,34.92388273078541,1837.525209557773
3.16GeV_theta_0.0_phi_80.0_highstats,0.6490571431280816,3.976346149518908,333.6725831284385
100MeV_theta_45.6_phi_10.0_highstats,0.5898770047241207,7.524931625727557,99.20693394678932
31.6MeV_theta_72.5_phi_80.0_highstats,1.588741280022982,29.60943144985104,653.2868195134914
316MeV_theta_66.4_phi_20.0_highstats,1.0317848337824196,20.469165509740915,364.1155153772619
3.16GeV_theta_78.5_phi_70.0_highstats,1.0572409925302704,46.05730663167933,656.6392597811619
1GeV_theta_72.5_phi_0.0_highstats,0.8931142705927234,22.45360667451634,588.7924186318572
100keV_theta_66.4_phi_0.0_highstats,0.34420141055761017,15.929377849940698,177.03893975408036
3.16GeV_theta_25.8_phi_10.0_highstats,0.5066681625865667,4.343232401141762,67.94338734862588
1GeV_theta_36.9_phi_50.0_highstats,0.505676435351949,4.079707103667539,2.042248504168967
316MeV_theta_53.1_phi_10.0_highstats,0.5210716774264856,9.223091280939265,68.34848905926434
31.6MeV_theta_53.1_phi_60.0_highstats,0.8544843580681036,15.013770050296408,1631.9303076241683
3.16GeV_theta_36.9_phi_30.0_highstats,0.4817435823715177,10.23126741014542,746.6956672648199
3.16MeV_theta_0.0_phi_80.0_highstats,0.8402392774190239,1.2294785541899658,0.7617503315030498
316MeV_theta_72.5_phi_40.0_highstats,0.4942140087864387,19.22505505912319,74.7687567307573
100MeV_theta_25.8_phi_70.0_highstats,0.6131525603913127,6.679237164161304,1077.2784350657842
100MeV_theta_53.1_phi_60.0_highstats,0.5788299910108603,9.975389624225066,24.434605371451916
316MeV_theta_0.0_phi_70.0_highstats,1.6570695713364438,6.520964036401497,1584.7728063673464
1GeV_theta_0.0_phi_60.0_highstats,0.6800762146124526,6.582588939836196,328.5164585374246
316MeV_theta_0.0_phi_40.0_highstats,0.6590116051844518,10.640927369221354,2638.1951930235573
3.16GeV_theta_66.4_phi_20.0_highstats,0.5309807415628165,13.000229797413244,58.44316629153312
3.16MeV_theta_45.6_phi_10.0_highstats,0.47621482683151545,6.773679150276067,14.317801707594647
100keV_theta_36.9_phi_90.0_highstats,0.33869038423786124,10.315158008379184,99.93177800921214
3.16GeV_theta_78.5_phi_60.0_highstats,0.9596262916180962,35.317348860264225,176.8241196717775
1MeV_theta_25.8_phi_50.0_highstats,0.57522767949358,3.2573970402737964,1.1843237143131022
1GeV_theta_60.0_phi_90.0_highstats,1.5241875969806438,18.39603454438585,1199.399543255548
316keV_theta_36.9_phi_60.0_highstats,0.5588887937154178,2.0033074223504257,0.36894265053339687
31.6MeV_theta_78.5_phi_90.0_highstats,0.727966549515974,35.06133966958268,507.5990944950455
1GeV_theta_72.5_phi_50.0_highstats,1.8694841854337045,27.78631632499878,1499.0087268072164
31.6MeV_theta_0.0_phi_70.0_highstats,1.25712525559424,12.800218280239138,1499.8717681692738
1GeV_theta_53.1_phi_20.0_highstats,0.5707346508118127,7.080352783953399,18.244804832586084
10GeV_theta_0.0_phi_80.0_highstats,0.7465161655340551,6.335050582955188,70.12400215124603
31.6keV_theta_66.4_phi_70.0_highstats,0.560469123244547,5.014449686811895,13.532012079704312
1GeV_theta_36.9_phi_70.0_highstats,0.5677267755220249,4.231285113262447,5.703293775596655
1GeV_theta_53.1_phi_30.0_highstats,0.4519196901501181,6.778616768918482,9.334896007459848
31.6MeV_theta_25.8_phi_70.0_highstats,1.543131266405124,16.569547796098277,1796.9482115572082
100MeV_theta_78.5_phi_30.0_highstats,1.2137049959359276,48.74840023454863,2511.9725873012635
1GeV_theta_36.9_phi_40.0_highstats,0.5282687777852519,17.590003062552846,4730.240638335152
3.16MeV_theta_53.1_phi_90.0_highstats,0.677338705768341,0.8128979205221537,0.592533229087106
1MeV_theta_25.8_phi_0.0_highstats,0.4336749538677555,0.735096535696548,0.4249309849371942
1GeV_theta_45.6_phi_10.0_highstats,0.48377863599468207,9.746382272804418,1622.7651224497583
316keV_theta_25.8_phi_50.0_highstats,0.20160131824452585,3.616727737391898,3.1831085675551
10GeV_theta_25.8_phi_20.0_highstats,0.6143703909840242,11.782625024307734,2746.199400642069
100MeV_theta_0.0_phi_30.0_highstats,0.8273797525066422,9.278545744406719,947.7592756158057
3.16GeV_theta_60.0_phi_90.0_highstats,0.66436142958892,10.416153810107511,89.50353882404616
10GeV_theta_25.8_phi_40.0_highstats,0.5465071283854125,3.46814151346622,11.803240167126694
10GeV_theta_45.6_phi_70.0_highstats,0.7476338897264326,15.338147755848409,1454.40532842897
316MeV_theta_36.9_phi_60.0_highstats,0.5618909671757824,16.391775361601088,1308.919038504603
100MeV_theta_78.5_phi_80.0_highstats,0.7335952452745608,34.64513769586245,350.9854516090446
316MeV_theta_53.1_phi_60.0_highstats,0.4752805105462651,10.412150027831162,828.2740377293401
1MeV_theta_36.9_phi_0.0_highstats,0.7437075379836795,4.6718307335808085,12.725933836590555
316MeV_theta_53.1_phi_0.0_highstats,1.6870710651261234,27.96991903551624,5071.907650708216
1GeV_theta_78.5_phi_80.0_highstats,1.2762548676194805,39.284511064217675,625.7280417344192
1MeV_theta_0.0_phi_90.0_highstats,0.5722227961949508,1.4089163444915165,1.2972612777642245
1GeV_theta_53.1_phi_50.0_highstats,0.5794440988196592,6.551045536270548,1.7749030421586434
316MeV_theta_45.6_phi_40.0_highstats,0.5422418289817057,12.412486362675631,2983.6579987680325
100MeV_theta_0.0_phi_70.0_highstats,0.6683851337352296,0.7502394082569555,0.5358686679565682
1GeV_theta_25.8_phi_70.0_highstats,0.800583611786038,5.60060502967802,77.09435359447401
1GeV_theta_36.9_phi_20.0_highstats,0.6280275172379376,4.56769930449198,17.652853259074103
10GeV_theta_66.4_phi_0.0_highstats,0.7763405032116826,19.197050159182265,657.4579827477456
1MeV_theta_60.0_phi_60.0_highstats,0.6195580924162258,6.644234969873049,3.246894934372575
3.16GeV_theta_66.4_phi_0.0_highstats,0.6983331163616019,15.899427724288781,184.52424590723032
1GeV_theta_66.4_phi_80.0_highstats,0.8639247648262379,17.52954562219354,610.8691482638437
100MeV_theta_72.5_phi_70.0_highstats,0.7329000716874886,19.67549327360016,48.30689974753769
31.6MeV_theta_66.4_phi_30.0_highstats,0.9544190074716751,24.617974233496515,609.1262421405437
316MeV_theta_60.0_phi_30.0_highstats,0.5873959908249208,10.848310286279272,56.85270084852318
1GeV_theta_0.0_phi_20.0_highstats,0.6393922329218684,2.711892142041961,206.98893676750635
3.16GeV_theta_78.5_phi_40.0_highstats,1.2380007785673888,36.41411632170984,128.48691763847413
316MeV_theta_66.4_phi_10.0_highstats,0.6650403723222588,20.08286005431075,298.47635287146744
3.16GeV_theta_45.6_phi_40.0_highstats,0.48961627255488277,13.850040013076978,2118.5761049227413
1GeV_theta_25.8_phi_10.0_highstats,0.4923875163024988,14.096697170913105,1511.4713794602594
31.6MeV_theta_78.5_phi_30.0_highstats,1.159622792438888,37.05693750305169,218.68663592803352
316MeV_theta_78.5_phi_40.0_highstats,1.257819762717427,48.55889565525827,632.5485647001224
316keV_theta_45.6_phi_20.0_highstats,0.22136574618096244,2.9845440285155016,3.0907576349811854
10GeV_theta_60.0_phi_0.0_highstats,0.602080787936256,16.469328362902687,465.6788140853295
1GeV_theta_45.6_phi_40.0_highstats,0.7935941945078472,12.740660535577097,3632.6642252568695
1GeV_theta_66.4_phi_90.0_highstats,1.123979107638269,13.251137695226717,89.94768248863197
10MeV_theta_0.0_phi_0.0_highstats,1.5304818201010877,15.905084993487334,1774.8062770862994
31.6MeV_theta_53.1_phi_10.0_highstats,0.689663426936118,9.439627109524627,37.47655874192182
100MeV_theta_36.9_phi_10.0_highstats,0.5631752781786876,10.087466417558652,2326.5733191302975
100MeV_theta_25.8_phi_10.0_highstats,1.6827723466681774,8.456687760942854,357.01109756332
3.16GeV_theta_53.1_phi_50.0_highstats,0.4105194133782179,6.16897578923507,0.3758584175203346
316keV_theta_36.9_phi_80.0_highstats,1.827826711197298,144.04186958461423,23697.74516163132
100keV_theta_0.0_phi_60.0_highstats,0.6313204800448061,1.128881339807411,0.5143020581548876
10GeV_theta_45.6_phi_30.0_highstats,0.5083762215837762,13.635665503009815,1958.8905655471624
3.16GeV_theta_66.4_phi_80.0_highstats,0.5793679801961136,16.927583587397177,858.0265678023585
316MeV_theta_45.6_phi_60.0_highstats,0.5070776271977628,10.471060524045669,1578.1259665988844
1GeV_theta_78.5_phi_40.0_highstats,0.6517781788356685,33.00144888072184,73.695272384427
100MeV_theta_36.9_phi_60.0_highstats,0.49233893121226896,7.524133522992311,1.5506698117953324
100MeV_theta_53.1_phi_50.0_highstats,0.4765760082612084,7.865110251791067,63.777311016833636
1GeV_theta_72.5_phi_30.0_highstats,0.8245514136343312,19.986387509766434,117.8485981473857
10GeV_theta_53.1_phi_10.0_highstats,0.5996358199291846,21.181333030472683,4287.459395886622
316MeV_theta_36.9_phi_90.0_highstats,0.48255434746502013,6.532308046527929,587.8229584097108
10MeV_theta_45.6_phi_10.0_highstats,-1.0,-1.0,-1.0,0.8714790163525593,6.052038745815955,1.3767388435821615,1846.0,1916.0
100keV_theta_53.1_phi_90.0_highstats,0.40581053030049763,7.1125420767135115,1.7383717335583604
1GeV_theta_60.0_phi_0.0_highstats,0.6300132400167251,9.735831560230798,73.73000787467268
10GeV_theta_36.9_phi_70.0_highstats,0.46671318239534987,5.183083437667615,34.51526545395341
316MeV_theta_45.6_phi_90.0_highstats,0.5532523319943067,10.121656252191066,206.68339523032287
10keV_theta_25.8_phi_60.0_highstats,0.6650454274480581,3.6267855250043097,0.6873687078448921
10GeV_theta_72.5_phi_10.0_highstats,1.4773404718858674,32.895468099474606,656.4920690822031
100MeV_theta_66.4_phi_60.0_highstats,0.6070091800812958,16.630612092400042,63.43774981510983
10GeV_theta_25.8_phi_80.0_highstats,0.5006799791668238,8.25684622773449,1362.052875235193
10MeV_theta_66.4_phi_60.0_highstats,0.31054563636957255,6.857224913516411,1.0205329837202175
100MeV_theta_0.0_phi_20.0_highstats,0.7548757924199545,7.4485891098420165,3008.372846203629
100MeV_theta_78.5_phi_70.0_highstats,1.3124061255563075,31.266743627524804,257.13846556090624
100MeV_theta_25.8_phi_60.0_highstats,0.6244041467047633,9.213069761301123,1229.6215462591624
3.16GeV_theta_45.6_phi_80.0_highstats,0.5936918372977583,15.89208641758893,1742.8860808447114
10GeV_theta_25.8_phi_0.0_highstats,1.2461308654386518,5.555673045959435,646.3756950158461
316MeV_theta_72.5_phi_80.0_highstats,0.730170037581127,18.73397079844278,101.39804203129735
10GeV_theta_72.5_phi_50.0_highstats,1.0656349910646712,39.530647894836484,3664.0144838573974
3.16GeV_theta_53.1_phi_90.0_highstats,0.8813503106651365,18.183863580246975,2007.8215202378706
100MeV_theta_45.6_phi_50.0_highstats,0.49148180092679206,6.33577453505295,0.8194822650354228
10GeV_theta_0.0_phi_10.0_highstats,0.6557215719472244,4.924121941274609,241.4018333385659
100MeV_theta_45.6_phi_30.0_highstats,0.734799966772152,11.619489190185181,786.4634749783955
316MeV_theta_45.6_phi_50.0_highstats,0.5864355638487583,8.447219494318718,278.2962415175955
1GeV_theta_78.5_phi_30.0_highstats,0.7540885644160668,33.568192529955276,185.93597185162082
10MeV_theta_66.4_phi_80.0_highstats,0.4407393025102219,6.8769609062628145,18.11998633542327
316MeV_theta_25.8_phi_20.0_highstats,0.49304182497453747,2.6472183016024724,2.613692245986573
1MeV_theta_84.3_phi_10.0_highstats,2.8019089677113613,29.97580016454533,833.6160923912986
10MeV_theta_36.9_phi_10.0_highstats,1.8818669045232261,26.082006971179894,2929.46640520382
10keV_theta_25.8_phi_70.0_highstats,0.44394137732135214,2.1200106546429605,2.1142207838406293
10GeV_theta_36.9_phi_60.0_highstats,0.5515474856938748,11.662066240770733,2357.863728747528
31.6MeV_theta_45.6_phi_90.0_highstats,0.7813762751227107,7.942307313593775,29.996782884487562
100MeV_theta_36.9_phi_20.0_highstats,0.46654945442191204,4.046645927471141,6.11008405765298
100MeV_theta_45.6_phi_80.0_highstats,0.5214581187364675,8.310923373573997,717.7056908194102
10keV_theta_72.5_phi_10.0_highstats,0.4206705428464951,21.70326942581016,156.4908160905245
3.16MeV_theta_0.0_phi_90.0_highstats,0.6741714508563723,1.1673573371373527,1.0128696360126754
1MeV_theta_84.3_phi_70.0_highstats,2.4615937656709113,18.18152113440639,121.7550627761066
3.16GeV_theta_66.4_phi_60.0_highstats,0.8767437134710074,24.29922353358177,350.9312371871589
3.16MeV_theta_36.9_phi_50.0_highstats,0.014431213028728962,0.3603001832962036,0.6100789904594421,0.9704248761402324,7.258517757016102,1.0017300138904353,226.0,369.0
10GeV_theta_60.0_phi_60.0_highstats,0.589157998561066,15.832246022185329,213.95514798846855
316keV_theta_66.4_phi_40.0_highstats,0.46853642965253106,4.170904475481058,2.0594418519182445
10GeV_theta_36.9_phi_50.0_highstats,0.49865408361211605,5.616228301907026,69.32309422313946
1GeV_theta_78.5_phi_10.0_highstats,2.7256173838226276,49.17422524485295,3973.730700222779
3.16MeV_theta_66.4_phi_20.0_highstats,0.42752862899454025,9.92702532068979,27.357828247673627
316MeV_theta_53.1_phi_70.0_highstats,0.6373601436809139,7.200878106473545,27.321094790061064
10GeV_theta_78.5_phi_70.0_highstats,0.6866598816389856,34.094054734474,163.1856598665504
3.16GeV_theta_45.6_phi_60.0_highstats,0.5538992244415987,11.551495522334484,713.7799070460377
1GeV_theta_53.1_phi_60.0_highstats,0.4843128887436796,6.823954920253391,1.6201627078240566
316MeV_theta_0.0_phi_10.0_highstats,0.6404042698375187,8.365115789175388,2852.2712528377283
100MeV_theta_78.5_phi_50.0_highstats,1.0875855659272096,50.67886147454515,2180.28231931212
31.6MeV_theta_78.5_phi_80.0_highstats,0.7799190253254289,32.71676575940263,305.02710948243623
31.6MeV_theta_45.6_phi_70.0_highstats,0.8224427157608032,10.085294405127543,414.9921011458481
10GeV_theta_53.1_phi_20.0_highstats,0.4747431100100093,10.796125610325097,20.09403659953672
10GeV_theta_45.6_phi_10.0_highstats,0.4798953245279668,5.115630068369041,14.901807613971162
10GeV_theta_45.6_phi_90.0_highstats,1.3249914146323318,12.021952938355764,1609.6523766362031
3.16GeV_theta_25.8_phi_60.0_highstats,0.536785672220642,5.334909677576161,159.58147900713197
10GeV_theta_36.9_phi_30.0_highstats,0.4663286472802275,4.083651472112498,3.3696437656894447
10GeV_theta_45.6_phi_20.0_highstats,0.48694389752465894,5.491615051045049,10.778190703651626
316keV_theta_45.6_phi_60.0_highstats,0.4168878352385667,1.4841386532231566,2.0915597937942563
10GeV_theta_66.4_phi_80.0_highstats,0.642797835109989,17.495841772983713,155.83007086003062
100MeV_theta_72.5_phi_30.0_highstats,0.7091305323813794,32.05743890439157,228.34270856825418
10MeV_theta_36.9_phi_40.0_highstats,2.7138638838352653,43.41009412013449,2474.432462317549
100MeV_theta_78.5_phi_60.0_highstats,1.3579679149223527,30.679099396863812,201.04619541271413
10GeV_theta_25.8_phi_90.0_highstats,0.5401585871883335,10.473670949724493,4253.180816856494
100MeV_theta_36.9_phi_40.0_highstats,0.6115478005210064,15.687003497767792,2153.2345501371483
10MeV_theta_25.8_phi_40.0_highstats,4.8578690537611235,47.60662107770805,6946.219252362269
10GeV_theta_78.5_phi_90.0_highstats,1.2701865295099237,34.9108760162577,848.3265336826652
3.16MeV_theta_25.8_phi_80.0_highstats,0.5553592936280495,2.97682642355605,1.2325298704863414
316MeV_theta_45.6_phi_20.0_highstats,0.5032284482335754,9.835262413320304,217.03763091229473
100keV_theta_84.3_phi_0.0_highstats,2.3379175652632913,56.52430597092291,3186.987631215428
316MeV_theta_66.4_phi_90.0_highstats,1.0604377278560002,23.067335474954902,1651.9974132335615
10GeV_theta_0.0_phi_70.0_highstats,0.6654902737942588,7.742219110109071,1852.024252206751
3.16GeV_theta_0.0_phi_70.0_highstats,0.8667701223004396,5.3175174966400816,199.28397578252714
1MeV_theta_36.9_phi_70.0_highstats,0.3336727990156906,3.7400572951544593,0.22416785193355254
3.16MeV_theta_36.9_phi_40.0_highstats,0.5450905986677826,4.826526933120599,0.35942741010513407
100MeV_theta_60.0_phi_10.0_highstats,0.8295481029680994,13.107992467292311,284.7290811010628
10MeV_theta_45.6_phi_90.0_highstats,0.5958973420206958,2.9864443436094557,8.124025175771449
1GeV_theta_36.9_phi_0.0_highstats,0.46347526948759704,3.9669147053886293,12.3353094858023
31.6MeV_theta_36.9_phi_50.0_highstats,0.667633717091825,10.759653663219579,977.6819023818107
31.6MeV_theta_25.8_phi_60.0_highstats,0.8655492888113888,6.578929418576675,443.4765677680862
1GeV_theta_25.8_phi_50.0_highstats,0.49720553581423865,6.834115491319967,690.2263373826939
316MeV_theta_78.5_phi_10.0_highstats,1.6862826910848148,38.71889752952328,4156.26100508013
10GeV_theta_25.8_phi_60.0_highstats,0.506471786360515,3.4186122742387353,53.380989160287974
1GeV_theta_66.4_phi_0.0_highstats,0.6156188973766198,12.350647043259062,128.1168653746375
100MeV_theta_60.0_phi_60.0_highstats,0.6412953086790878,11.607940581320568,41.607201493119646
316keV_theta_60.0_phi_20.0_highstats,0.23001132700261218,1.1253218506975484,0.6738362404513861
10MeV_theta_36.9_phi_0.0_highstats,2.3019386731393205,24.338131718196525,789.370496555062
3.16GeV_theta_25.8_phi_90.0_highstats,0.5444528925839712,9.207773548072955,2000.6767929494695
100MeV_theta_60.0_phi_50.0_highstats,0.6794628115322215,17.15084878464703,162.777557642857
1GeV_theta_53.1_phi_80.0_highstats,0.5573165196224299,13.743010951939315,3599.0996259774743
316MeV_theta_78.5_phi_70.0_highstats,1.0352102599557724,34.185682281029074,250.82828159528552
10MeV_theta_36.9_phi_50.0_highstats,2.292051623383665,38.2980527279285,4257.168979925729
10MeV_theta_25.8_phi_20.0_highstats,1.4806543398903678,29.283479868640523,2023.0565249454553
10MeV_theta_45.6_phi_30.0_highstats,0.39699916387545175,4.694244348031493,5.497908336434741
3.16GeV_theta_53.1_phi_80.0_highstats,0.5604309846271401,7.342984129114311,28.776860096918327
1GeV_theta_0.0_phi_90.0_highstats,0.7186648441545904,4.471076018064779,798.1702447438121
3.16GeV_theta_60.0_phi_40.0_highstats,0.738149011280365,13.504353139920251,476.4757007247286
31.6MeV_theta_66.4_phi_50.0_highstats,0.8921391309608581,15.959165766391724,47.717447363365004
316MeV_theta_45.6_phi_70.0_highstats,0.5274298414932536,5.41044049826962,5.5788461735553
1GeV_theta_0.0_phi_70.0_highstats,0.6297840664826537,0.7265729705812611,0.5083152523255331
316keV_theta_84.3_phi_70.0_highstats,0.4274746360769056,4.175829237036841,1.1382462206753585
1GeV_theta_53.1_phi_0.0_highstats,0.8118682385732089,10.354762798882513,189.288249159344
100MeV_theta_53.1_phi_70.0_highstats,0.5256968806035839,8.509208859487018,8.671612964290114
316MeV_theta_25.8_phi_80.0_highstats,0.4739187811245882,2.7941354423493387,2.0550110189086617
316MeV_theta_78.5_phi_20.0_highstats,0.8696449313816941,38.78687359720478,1358.381321423459
100MeV_theta_25.8_phi_50.0_highstats,0.6054968155792377,9.926599791087899,4627.370536806223
10GeV_theta_78.5_phi_60.0_highstats,0.9319961006974886,38.53180664190773,170.16477484881477
10GeV_theta_78.5_phi_40.0_highstats,1.607295819025397,45.86765443310069,1379.5243705858873
31.6MeV_theta_0.0_phi_80.0_highstats,1.0878581771805529,13.229677654789546,2578.510104847908
316MeV_theta_53.1_phi_20.0_highstats,0.5239637093902527,8.168208176645217,425.9316046720238
10GeV_theta_72.5_phi_60.0_highstats,0.9784799551613809,31.209278217127107,1343.9291136972668
316MeV_theta_72.5_phi_30.0_highstats,1.0585536667214042,25.489806095252007,667.3361017256133
100MeV_theta_45.6_phi_20.0_highstats,1.2351210218666775,12.833837583728851,3247.225300866308
31.6MeV_theta_0.0_phi_90.0_highstats,0.8303909645784002,15.981611432788776,1329.5889989965467
31.6MeV_theta_78.5_phi_0.0_highstats,0.5991058499712979,32.26860720332261,604.1508533244867
316keV_theta_0.0_phi_20.0_highstats,0.42563096467278366,1.8316779135584709,0.9435994074513183
316MeV_theta_53.1_phi_50.0_highstats,0.7305217968625246,14.673734562795419,928.6662272485655
100MeV_theta_45.6_phi_70.0_highstats,0.543597971114107,11.8796859853193,901.7074973264082
1GeV_theta_60.0_phi_50.0_highstats,1.0397612936503058,24.03017147727002,3804.303435573756
316MeV_theta_72.5_phi_90.0_highstats,0.9978970340143439,25.43136077007775,3158.4447695622657
3.16GeV_theta_0.0_phi_30.0_highstats,0.6831037387178697,9.879840436485336,1353.5566655098394
31.6MeV_theta_60.0_phi_70.0_highstats,0.7492605351688637,12.288510468218378,25.183232807201136
316MeV_theta_36.9_phi_0.0_highstats,0.41915519180739863,9.472400524846417,1779.0407567358768
10GeV_theta_60.0_phi_70.0_highstats,0.5178808242228289,15.81403302184308,365.87850072050963
3.16MeV_theta_0.0_phi_40.0_highstats,0.5195104653875684,1.2627207693286004,0.6406317485162214
100MeV_theta_45.6_phi_60.0_highstats,0.5011557087070885,5.793015182730658,1.9229036844357361
1GeV_theta_45.6_phi_0.0_highstats,0.5112117396779235,5.732893541079039,24.6479000536669
100MeV_theta_78.5_phi_10.0_highstats,1.5410374330164638,44.214618150894616,3272.5271481313193
10MeV_theta_0.0_phi_50.0_highstats,0.9949768107777587,36.83712278083289,3768.809793415976
31.6MeV_theta_78.5_phi_70.0_highstats,0.8946508734928531,38.399347389018985,236.91084403181233
31.6MeV_theta_78.5_phi_10.0_highstats,2.984722809837026,26.85411124667475,338.5586358717039
31.6MeV_theta_72.5_phi_30.0_highstats,1.0607176165311862,22.412422084460527,121.87235165858334
100MeV_theta_66.4_phi_10.0_highstats,1.040804205582239,14.381112082732676,120.5665912026717
10GeV_theta_36.9_phi_20.0_highstats,0.5734872326723842,9.825648382803914,2852.6878537228877
3.16GeV_theta_0.0_phi_40.0_highstats,0.6320014824123404,0.7114343241737441,0.4728736265440542
10GeV_theta_72.5_phi_40.0_highstats,0.5730153657649776,21.868914314882648,24.45419043093565
10GeV_theta_66.4_phi_10.0_highstats,1.5893407216561237,16.352399127979393,405.2363901963661
1GeV_theta_72.5_phi_70.0_highstats,0.8583036332993673,22.664062667120508,366.3348986881033
100MeV_theta_0.0_phi_90.0_highstats,1.7896249902655745,16.014885388127855,3852.474955751875
3.16GeV_theta_45.6_phi_70.0_highstats,0.619392095627807,18.441236381074336,2331.5253204217497
1GeV_theta_0.0_phi_80.0_highstats,0.7475025913826717,2.935445994188189,89.84648175890943
1MeV_theta_66.4_phi_10.0_highstats,0.7556790365798055,9.902210885035393,62.579586747710216
1MeV_theta_45.6_phi_20.0_highstats,0.4238283376517967,4.660688263678215,20.259972898529554
1MeV_theta_84.3_phi_0.0_highstats,1.5797322923148536,13.673815697530433,163.12093677453768
10MeV_theta_0.0_phi_30.0_highstats,0.9460868341844767,35.891232508982114,3502.7295454829264
100keV_theta_60.0_phi_50.0_highstats,0.49163187730176666,10.598599888942415,26.166030355317073
31.6MeV_theta_45.6_phi_0.0_highstats,0.8114498002133679,25.552448585089046,6947.000902563482
316MeV_theta_72.5_phi_60.0_highstats,0.684032982626237,22.67569150871276,599.742837580732
100MeV_theta_36.9_phi_50.0_highstats,0.5757725104011002,10.524842886604297,1327.533438523279
100MeV_theta_53.1_phi_10.0_highstats,0.48748829736153293,7.542580091328817,31.172665629919724
10GeV_theta_25.8_phi_70.0_highstats,0.5097024635195275,3.5944850776681863,10.091004794216618
31.6MeV_theta_45.6_phi_80.0_highstats,0.8634903908871966,8.71616368736125,112.48343004105472
10GeV_theta_0.0_phi_90.0_highstats,0.7009280831112694,10.636389416265398,3144.1715637913944
1GeV_theta_0.0_phi_50.0_highstats,0.6344839979335944,0.7648279669479839,0.6287967024507739
1MeV_theta_36.9_phi_90.0_highstats,0.32635142618192925,3.760822779902665,12.795433082894936
100MeV_theta_60.0_phi_30.0_highstats,0.7291412454774479,15.86581163602744,326.3581522899277
3.16MeV_theta_45.6_phi_90.0_highstats,0.6189180179579815,5.132652764139005,1.3523027490310218
31.6MeV_theta_72.5_phi_20.0_highstats,0.7892200175422798,23.24777266713639,237.3458917012477
10GeV_theta_60.0_phi_80.0_highstats,0.5955898225453004,12.514383802969327,597.0406604762868
10GeV_theta_45.6_phi_60.0_highstats,0.5214792102309217,12.17003978282339,2515.3962311311266
10MeV_theta_66.4_phi_50.0_highstats,0.3549560643875613,5.974363596167291,6.040019718029682
10GeV_theta_72.5_phi_90.0_highstats,1.0365864489996859,25.018526151702833,518.9845020640773
100MeV_theta_25.8_phi_20.0_highstats,0.7013810305605364,6.40017407332881,757.4654686462314
3.16MeV_theta_45.6_phi_50.0_highstats,0.35043307544987506,1.8171905807986586,0.3776713884610856
31.6MeV_theta_78.5_phi_40.0_highstats,0.9291135920922283,33.21791842105532,267.1164729685651
3.16GeV_theta_78.5_phi_30.0_highstats,1.2195376655856176,42.55934037320515,2338.1352313778616
3.16GeV_theta_45.6_phi_0.0_highstats,0.5141512693040284,10.451591111549016,351.3530487068548
10MeV_theta_53.1_phi_20.0_highstats,0.5289372964990985,10.436697219119758,1.0032468134665644
3.16GeV_theta_25.8_phi_80.0_highstats,0.8549983138952251,13.590889516415524,2471.045274128459
316MeV_theta_72.5_phi_70.0_highstats,0.6648569685355742,17.701455696320473,71.66308844463427
1MeV_theta_45.6_phi_0.0_highstats,0.36460870391314143,3.444837613563694,11.578103243922577
316keV_theta_60.0_phi_70.0_highstats,0.3552613242805201,4.710562081198287,6.123779117222518
3.16GeV_theta_36.9_phi_0.0_highstats,0.4520746150635062,4.129831336285464,12.892734557800802
1MeV_theta_0.0_phi_40.0_highstats,0.4990196219456258,1.0121641843060825,0.7616826423714728
31.6MeV_theta_60.0_phi_60.0_highstats,0.8946209423422041,14.904056410610048,74.34226312910451
10MeV_theta_25.8_phi_80.0_highstats,1.0845773715735005,16.013546434082905,1256.9386609732483
3.16GeV_theta_36.9_phi_60.0_highstats,0.5086342819784565,7.62869706280007,207.10444852945656
100MeV_theta_36.9_phi_30.0_highstats,0.5666390177021561,5.438556859313219,4.3152046594108615
3.16GeV_theta_0.0_phi_50.0_highstats,0.6452045145496659,4.731183088673752,183.17679199333895
316MeV_theta_25.8_phi_40.0_highstats,0.5755458099371098,8.651966079777274,1378.277615265781
100MeV_theta_72.5_phi_0.0_highstats,0.8136357724060602,28.770565909299762,1575.6272809279362
10GeV_theta_45.6_phi_50.0_highstats,0.5073636173301806,5.666891968277526,2.836046354955639
3.16GeV_theta_36.9_phi_90.0_highstats,0.4754161891615345,4.113462594665632,7.3665905925360935
3.16GeV_theta_45.6_phi_90.0_highstats,0.4854294934996512,5.591547282777354,14.115704115004325
1GeV_theta_25.8_phi_90.0_highstats,0.5372153855062843,10.958856291468678,1658.7725821699112
3.16GeV_theta_25.8_phi_20.0_highstats,0.5133945570979911,7.878868868246972,2458.838614117139
3.16GeV_theta_60.0_phi_60.0_highstats,0.6297041954847753,15.437254332148557,22.91784641877825
10GeV_theta_66.4_phi_20.0_highstats,0.7475132726981225,19.952310397199007,230.7082408257104
1MeV_theta_25.8_phi_20.0_highstats,0.8557107380389034,1.636623904746766,2.4895728530444194
10GeV_theta_53.1_phi_0.0_highstats,0.4493632848094855,7.512610812623878,44.29113583243121
100MeV_theta_72.5_phi_40.0_highstats,0.6107171104279878,21.05644053889305,77.6584063331632
100MeV_theta_66.4_phi_90.0_highstats,0.7506439807392498,15.923829668966428,261.5801904600962
3.16GeV_theta_0.0_phi_10.0_highstats,0.6674018539845707,12.24050976424298,3221.720428572831
10GeV_theta_60.0_phi_20.0_highstats,0.47946605292776867,9.953191939412132,52.361111435972134
31.6MeV_theta_78.5_phi_60.0_highstats,1.3209094311113319,30.314562141374694,216.49625389187588
3.16GeV_theta_78.5_phi_20.0_highstats,1.0013074687430752,34.47307189200609,754.5988830216152
316keV_theta_25.8_phi_60.0_highstats,0.4038970547485795,3.4255624434231073,5.992538875356591
10GeV_theta_60.0_phi_10.0_highstats,0.7899569719013076,12.529499076027433,107.16547911402878
10GeV_theta_25.8_phi_50.0_highstats,0.7403177448046876,15.626261919623783,3931.1725015822726
1GeV_theta_60.0_phi_60.0_highstats,0.639414327695189,17.258388356281205,1648.584858250879
316MeV_theta_45.6_phi_30.0_highstats,0.44889142482617217,5.273133177835881,5.645944237897929
31.6MeV_theta_0.0_phi_60.0_highstats,0.9563242297384212,9.51302147325493,2285.7743158941867
1GeV_theta_72.5_phi_20.0_highstats,1.1360674219393538,42.14255038408803,1246.879306319944
100MeV_theta_60.0_phi_70.0_highstats,0.5880696149617187,10.774399669354448,22.9427648762365
31.6MeV_theta_36.9_phi_10.0_highstats,0.7613950886811542,12.529115124875158,1923.0781238963311
31.6MeV_theta_36.9_phi_20.0_highstats,0.6878664295035736,9.616299435981054,1641.5710120088656
316MeV_theta_25.8_phi_50.0_highstats,0.6208830805471958,2.9244264737039742,1.1537019969420537
316MeV_theta_60.0_phi_40.0_highstats,0.6677872030734301,15.685299969780786,55.66560187880222
100MeV_theta_45.6_phi_0.0_highstats,1.815294114595958,11.211575843563008,1415.221834031029
316MeV_theta_72.5_phi_50.0_highstats,0.8855421825206796,24.87662042556222,97.89574969831467
31.6MeV_theta_36.9_phi_70.0_highstats,0.7672713778736874,15.82681127371201,4825.129146549964
10MeV_theta_0.0_phi_20.0_highstats,1.1536543186230293,22.866681068339417,1519.6266458203538
3.16GeV_theta_60.0_phi_30.0_highstats,1.2298741859704483,16.62131741523939,1133.4570037180897
10MeV_theta_53.1_phi_0.0_highstats,0.38303091617424706,7.431946258739006,15.814293961315682
3.16GeV_theta_53.1_phi_70.0_highstats,0.5155345719797724,11.942580138337062,280.5528764896359
31.6MeV_theta_25.8_phi_20.0_highstats,0.864100491135668,5.832251471264049,370.3716998752584
10MeV_theta_36.9_phi_80.0_highstats,1.6360793102861872,13.291798437996935,88.07031660801167
3.16GeV_theta_25.8_phi_70.0_highstats,2.344515003943507,8.083454976894691,1958.2142077545866
31.6MeV_theta_53.1_phi_40.0_highstats,0.7417727312879365,17.67723096303035,3293.4686886238674
31.6MeV_theta_0.0_phi_50.0_highstats,0.8162591377320946,13.878381703319926,883.1180715554194
1GeV_theta_25.8_phi_0.0_highstats,0.5490744706802253,2.9589537633434286,6.686528727985085
100MeV_theta_45.6_phi_40.0_highstats,0.5027717983320316,5.822853130854119,2.2048564920426275
1GeV_theta_60.0_phi_20.0_highstats,0.782790510240569,20.2923244105605,2208.4792859578597
31.6MeV_theta_53.1_phi_50.0_highstats,0.6846316514519243,9.377726469775498,11.229613101969424
1GeV_theta_66.4_phi_60.0_highstats,0.6007262769801515,15.276799206602844,958.6265200688626
31.6MeV_theta_36.9_phi_80.0_highstats,2.1716461380358116,19.6237438751015,6431.000388725234
1GeV_theta_25.8_phi_80.0_highstats,0.505590015225342,2.886127388425758,2.542818905371989
316MeV_theta_36.9_phi_50.0_highstats,0.8937954076071302,8.857973180490335,618.3649613264997
316keV_theta_25.8_phi_40.0_highstats,0.4693499111269335,4.896645970844315,0.2388152735663839
100MeV_theta_53.1_phi_80.0_highstats,0.697951382206644,9.288907029871572,62.722385821570626
100MeV_theta_0.0_phi_0.0_highstats,0.6694157100165379,5.778869708263686,512.590574505287
31.6MeV_theta_66.4_phi_20.0_highstats,0.8303498525816905,16.02262469682732,109.4313294338682
10GeV_theta_0.0_phi_0.0_highstats,0.6651913813665874,20.918899809481545,5727.369626228465
3.16GeV_theta_45.6_phi_50.0_highstats,0.526305410141378,13.674732810839032,2738.0741087764445
3.16GeV_theta_66.4_phi_90.0_highstats,0.8366386054202993,16.89976702944742,371.3344631289725
3.16MeV_theta_36.9_phi_20.0_highstats,0.36259066410238255,2.7938085746321084,1.2683180092560533
10GeV_theta_60.0_phi_50.0_highstats,0.6356475472689598,12.58671253309021,33.91565263818911
1GeV_theta_25.8_phi_40.0_highstats,0.583447856515076,17.09500698983742,4525.219062873879
316keV_theta_60.0_phi_0.0_highstats,0.6874506953783756,5.443162466167398,29.523931125564133
1GeV_theta_78.5_phi_70.0_highstats,0.7242193586300201,33.628686294869425,149.63102923028904
3.16MeV_theta_0.0_phi_30.0_highstats,0.5430467236678741,1.2109582724015486,0.7436974302889414
10MeV_theta_25.8_phi_30.0_highstats,1.3308661942764313,42.86784598932678,4643.015698466481
31.6MeV_theta_0.0_phi_30.0_highstats,1.4243296807742742,11.885307269638458,2871.5178062200716
316MeV_theta_72.5_phi_20.0_highstats,0.7067871137654442,22.895684597619855,335.11454785650506
31.6MeV_theta_0.0_phi_10.0_highstats,0.7783771545574303,6.702178979396206,633.0317234841859
3.16MeV_theta_36.9_phi_0.0_highstats,0.3393890333489504,5.092265802117435,4.441023931649576
10GeV_theta_36.9_phi_40.0_highstats,0.7563386472212549,9.080015981179745,280.15319083270833
10GeV_theta_0.0_phi_20.0_highstats,0.718545764700103,5.33669560744363,570.6369191883347
31.6MeV_theta_36.9_phi_0.0_highstats,0.7190537578197579,10.572974818826886,228.8305084439422
3.16GeV_theta_0.0_phi_20.0_highstats,0.6505542534482346,0.7822949892249572,0.6031424878387586
100MeV_theta_25.8_phi_40.0_highstats,0.6820320105358338,4.466386916707545,92.94774504808207
3.16GeV_theta_53.1_phi_0.0_highstats,0.45615762427405687,6.948255696777743,36.4769219414656
31.6MeV_theta_45.6_phi_30.0_highstats,1.366018062572111,13.898547631768073,1525.0750284601988
1GeV_theta_72.5_phi_40.0_highstats,0.9791290705882946,19.065348117962028,38.01138023404929
3.16MeV_theta_0.0_phi_50.0_highstats,0.6587989807654179,1.6820273920726028,0.7277259144992034
316MeV_theta_60.0_phi_20.0_highstats,0.602939512543523,8.888564462802538,29.094219100068162
316MeV_theta_66.4_phi_70.0_highstats,0.6539920588641767,21.53311158510967,748.5635554244886
1GeV_theta_45.6_phi_20.0_highstats,0.4937276179369142,8.384870344454994,12.333129075675073
31.6keV_theta_36.9_phi_50.0_highstats,0.6118494600775106,3.5982804715697427,0.3761759954655878
1GeV_theta_53.1_phi_70.0_highstats,0.5254778507452879,10.806397402862126,1704.8997927099288
10MeV_theta_53.1_phi_70.0_highstats,0.25796377599161807,11.046093732439772,17.36097084133771
3.16GeV_theta_60.0_phi_20.0_highstats,1.0841636411379012,10.893777074182106,62.39797261588592
3.16GeV_theta_66.4_phi_30.0_highstats,0.5852620483812385,13.093773312913235,30.46011237189691
100MeV_theta_72.5_phi_90.0_highstats,0.7915228419960348,22.981926948641213,645.3144266014303
3.16GeV_theta_25.8_phi_50.0_highstats,0.5917584431162214,2.9527063630691996,3.8128512618956303
100MeV_theta_0.0_phi_50.0_highstats,0.726467319805791,7.652490495706406,1200.9847965007193
31.6MeV_theta_45.6_phi_50.0_highstats,0.7626342564709265,23.08143776584377,4781.336685452695
1GeV_theta_60.0_phi_30.0_highstats,1.1761209915763946,11.929152981592337,108.65698550202393
10MeV_theta_25.8_phi_10.0_highstats,1.132550279005263,36.610545126082535,3249.7712948500084
3.16GeV_theta_60.0_phi_70.0_highstats,0.5657810937005473,14.684845892296584,624.2385714235199
1GeV_theta_60.0_phi_80.0_highstats,0.8692985530557371,13.313461305856404,430.9923290824166
31.6MeV_theta_72.5_phi_10.0_highstats,0.9241144400440936,24.306153081611882,309.4872465352706
31.6MeV_theta_53.1_phi_80.0_highstats,0.8835262289143121,21.319667399593136,3795.1045313303043
316MeV_theta_60.0_phi_80.0_highstats,0.4995364983584218,11.132783086029344,208.20249044147593
10MeV_theta_36.9_phi_70.0_highstats,1.774505404363069,31.81858066123735,6305.230374682038
316MeV_theta_60.0_phi_90.0_highstats,0.4842667709377637,8.552780424288981,31.454870280452827
316keV_theta_0.0_phi_30.0_highstats,0.4900061413151044,2.028893716512317,1.6883887744211719
31.6MeV_theta_66.4_phi_90.0_highstats,0.6144555587919173,16.10546668312176,103.56157808462
316MeV_theta_0.0_phi_30.0_highstats,0.6490355703708198,5.792906866598455,2510.6134767642393
1MeV_theta_36.9_phi_30.0_highstats,0.3352253631393044,3.891758113598716,2.521540873996542
